Chromosome,Position,Ref,Alt
10,101460771,C,G
10,101483766,G,A
10,101715753,C,T
10,101967035,C,T
10,103552685,C,G
10,104445662,C,G
10,105362470,C,G
10,1088574,C,G
10,112063272,C,T
10,115489239,G,C
10,118969418,G,C
10,123274822,C,G
10,124459159,C,G
10,15151762,C,G
10,21805329,G,C
10,21906127,AG,-
10,22045637,C,G
10,31799649,G,C
10,38343824,G,A
10,38344439,C,G
10,43609119,C,G
10,45498934,G,C
10,50668447,G,A
10,5969465,C,G
10,61833092,G,C
10,62029921,C,G
10,64958426,C,G
10,64966922,C,T
10,70098408,G,A
10,70161423,C,T
10,70192010,G,C
10,70531125,G,T
10,70531135,A,C
10,70916861,G,C
10,71562459,C,G
10,71705450,G,A
10,72511354,G,C
10,74897829,C,G
10,75533554,G,C
10,77807039,G,C
10,81918883,C,T
10,90341456,C,T
10,91353679,G,C
10,93590888,G,C
10,94070920,G,A
10,94070926,G,C
10,94071041,G,C
10,97453174,C,T
10,98311125,C,G
10,98744424,G,A
11,103128449,G,A
11,104877890,G,C
11,107396319,C,G
11,113857358,C,T
11,118627886,C,G
11,129993576,C,G
11,130078484,C,T
11,17482056,C,G
11,20398235,C,G
11,27363058,C,G
11,32953474,C,G
11,33795989,C,T
11,34186251,G,C
11,3687530,C,T
11,46842741,C,G
11,47183172,G,A
11,47648668,C,G
11,4928765,C,T
11,56127883,G,A
11,56756549,G,C
11,57564298,C,T
11,58877147,G,C
11,59211132,G,A
11,65635373,G,C
11,66605863,C,G
11,68157416,C,T
11,70007759,G,C
11,700696,G,A
11,71729446,C,G
11,73427362,C,G
11,73429838,T,G
11,76063380,CTG,-
11,76915168,G,A
11,829410,C,T
11,86198464,G,C
11,87020587,G,A
11,89537238,C,G
11,89907016,G,C
11,93460466,G,C
11,94229923,G,A
11,94563282,G,C
11,94730615,G,A
12,100707305,C,G
12,101018195,C,G
12,105380159,G,A
12,111087993,C,G
12,11174899,G,C
12,112492275,G,C
12,113425038,G,C
12,122517133,C,G
12,130827556,C,T
12,21294573,G,C
12,21615684,G,C
12,22063124,G,C
12,23728609,C,G
12,41419117,G,C
12,45740823,G,A
12,465607,C,G
12,46591533,C,G
12,48468567,C,T
12,48477419,C,G
12,56504429,C,G
12,56554074,G,C
12,56708926,G,C
12,56827369,G,A
12,63226010,C,T
12,68642599,G,C
12,68707513,G,C
12,69126506,G,A
12,72274276,C,G
12,75444403,C,T
12,9354925,C,G
12,97137551,C,G
12,98921671,-,A
13,109496803,G,C
13,111298422,C,G
13,113851427,C,G
13,114009719,G,A
13,23869574,G,C
13,23907808,C,T
13,50502161,C,T
13,76055566,T,C
13,77779677,C,G
13,80911485,C,T
14,100405619,C,G
14,102500743,G,A
14,102500758,G,C
14,105419013,C,G
14,20002272,C,G
14,21792899,G,C
14,22134074,C,G
14,23394126,CAAAGAGTT,-
14,24631447,G,C
14,33293653,G,T
14,35262107,C,G
14,36155786,C,T
14,45716461,C,G
14,51192747,C,T
14,51204902,C,G
14,52793938,G,A
14,55203846,G,A
14,55643837,C,T
14,58718910,G,A
14,58909503,C,G
14,61482670,G,A
14,62463084,C,G
14,64653259,G,C
14,65453766,G,C
14,68219189,C,G
14,70925639,G,C
14,73490905,C,G
14,77845316,G,C
14,88651934,G,A
14,90759091,C,G
14,92482143,C,G
14,94545820,C,G
14,96924456,G,C
15,101595396,G,C
15,23686032,C,G
15,25966966,C,T
15,29674025,G,A
15,30008915,C,G
15,33831625,G,A
15,34295365,C,T
15,34396199,G,C
15,37390168,C,T
15,40494852,C,G
15,41037426,C,T
15,42371908,C,T
15,42476775,C,G
15,42743889,G,A
15,43678117,G,C
15,44105533,C,G
15,45387769,C,T
15,48818444,C,T
15,49320846,G,C
15,51828902,G,C
15,52646094,C,A
15,54586148,G,A
15,63966589,C,G
15,64040012,C,G
15,66206157,C,G
15,69238543,G,C
15,70366914,GCG,-
15,74317242,C,G
15,74948281,C,G
15,75198649,G,A
15,75631366,C,A
15,75703925,G,A
15,77769896,G,C
15,79089018,C,G
15,83218294,C,G
15,86262432,G,C
15,86807754,C,G
15,90245206,G,C
15,91019954,G,A
15,91021107,G,C
15,91524794,C,T
15,95001421,C,G
16,10775963,C,G
16,1476224,C,G
16,15853444,C,T
16,20996513,G,C
16,25251885,C,T
16,27476706,C,G
16,3586146,G,T
16,4938213,C,G
16,49671691,C,T
16,5145496,C,G
16,53288467,G,C
16,58074441,G,A
16,58573836,G,A
16,67268019,G,C
16,67861660,G,C
16,69374200,G,C
16,70166122,G,C
16,71571614,G,A
16,81953119,C,G
17,10233724,G,C
17,15983797,C,T
17,17887182,G,C
17,19555064,C,T
17,27234610,C,T
17,28380671,G,C
17,28890393,C,G
17,33772305,G,A
17,3567567,C,G
17,36863220,C,T
17,37809787,G,C
17,37809813,G,C
17,37898663,G,C
17,3838501,G,C
17,41123659,C,G
17,42478352,G,A
17,46700309,G,A
17,46925817,G,C
17,48183322,G,A
17,48595021,G,C
17,48595046,G,T
17,48596379,G,A
17,48941096,C,G
17,48941369,C,G
17,59926597,G,C
17,60767008,G,A
17,61897324,C,G
17,65908442,C,G
17,67148188,C,G
17,67190127,G,A
17,6913414,C,G
17,72943193,G,C
17,73723490,C,A
17,74473347,C,G
18,10471549,G,C
18,30260213,C,G
18,43440250,C,G
18,44113241,G,C
18,47769351,C,G
18,48584560,C,T
18,56202122,G,C
18,61170608,C,G
18,72776056,G,C
18,9887951,C,T
19,10791989,G,C
19,11141449,C,A
19,11891007,G,C
19,12792434,G,C
19,12918047,G,C
19,15222217,G,A
19,15770099,C,G
19,16620734,G,C
19,17403583,C,T
19,17476094,C,G
19,17766158,C,A
19,18652654,C,G
19,19035063,G,A
19,19431303,C,T
19,20728347,C,T
19,20808204,G,C
19,21240097,G,A
19,22364290,C,G
19,31768267,G,A
19,35862924,G,C
19,36673394,C,T
19,37117286,G,A
19,38383735,C,T
19,38385190,C,T
19,38996472,C,G
19,45377602,C,A
19,49143464,G,C
19,49979435,G,C
19,51191282,G,A
19,51503328,G,C
19,52115623,G,C
19,52824977,C,G
19,53117613,G,C
19,53855843,G,C
19,55525836,G,C
19,55663210,C,T
19,57335705,G,A
19,57932368,G,C
19,58290506,G,C
19,58966888,G,C
19,7692239,G,A
19,7833782,G,C
19,805560,C,G
19,9070790,G,C
19,9213734,G,C
1,103343701,C,G
1,109235463,G,T
1,109284421,G,C
1,109635596,C,-
1,110884273,C,G
1,112270146,C,T
1,112303409,G,C
1,114944049,C,A
1,12955648,C,G
1,14105284,G,C
1,144917926,G,A
1,145498701,C,T
1,145508024,C,T
1,145763586,C,G
1,149916418,G,C
1,150679148,C,G
1,150970156,G,C
1,151133480,C,T
1,151134453,C,T
1,151134459,C,T
1,151239035,C,G
1,151378286,G,C
1,151823550,G,C
1,152082620,C,T
1,153660668,G,C
1,153906685,C,T
1,154456804,G,C
1,154956531,G,C
1,155317560,C,G
1,155340657,T,G
1,155340680,C,G
1,155720476,C,T
1,156697019,C,G
1,156933335,C,G
1,158906839,C,T
1,160385686,C,T
1,161967971,G,A
1,16370994,G,C
1,165386311,G,A
1,167973911,C,G
1,169831772,C,G
1,171553136,C,G
1,173780430,G,A
1,176863769,C,T
1,177250107,G,T
1,179989446,T,G
1,180062885,G,C
1,180904891,G,A
1,181003208,C,T
1,181688928,C,G
1,186295307,C,T
1,192992148,G,C
1,193074729,G,C
1,197070908,G,C
1,198721855,G,T
1,200969897,C,G
1,201752734,C,G
1,209964001,C,G
1,213303185,C,G
1,214815502,C,T
1,215408414,G,A
1,216595627,C,G
1,220273922,G,T
1,221875834,C,G
1,223990996,C,T
1,225239443,G,C
1,226173184,G,C
1,226555189,C,T
1,228509154,C,G
1,229772758,C,G
1,230841751,G,C
1,230883304,T,G
1,230904930,G,A
1,23519904,G,C
1,235505413,C,T
1,237947476,C,A
1,242511433,C,T
1,247150774,C,G
1,249212537,G,A
1,32692099,G,A
1,32751206,G,A
1,36932330,G,C
1,39877855,G,C
1,44290500,C,G
1,45140034,G,C
1,45810610,C,G
1,46494578,G,C
1,46751338,C,G
1,46871175,C,G
1,47395897,G,C
1,52827250,C,G
1,55279532,G,C
1,55537548,C,T
1,57209850,C,G
1,61818161,C,T
1,70460285,C,G
1,86048233,G,C
1,94476927,G,C
1,94639529,C,G
1,9790616,C,T
20,19665825,G,A
20,25472028,C,G
20,36776480,C,-
20,41420063,C,G
20,44531210,C,G
20,44751308,G,A
20,76674,G,C
20,76792,G,C
20,870985,C,G
21,15858421,C,T
21,32127476,C,G
21,32185355,G,C
21,44329106,C,G
21,44450137,G,C
21,46330234,C,T
21,47546424,G,C
22,21161665,G,C
22,23465379,G,C
22,23482532,G,C
22,29442769,G,C
22,40161418,G,C
22,42609196,G,A
2,100170782,C,T
2,103324815,C,G
2,103353179,C,T
2,113332582,G,T
2,118864694,C,T
2,125521645,C,G
2,128938641,G,T
2,138413174,G,C
2,14774939,G,C
2,148710034,G,A
2,152326313,C,T
2,158162339,G,C
2,168102391,C,T
2,169780194,C,A
2,170488298,G,C
2,170806568,G,C
2,171242759,C,T
2,171243683,C,G
2,179422711,C,T
2,179442812,T,-
2,179449955,C,T
2,179507028,C,G
2,179599238,C,G
2,179641336,C,T
2,182783380,C,T
2,189910542,C,G
2,190323496,C,G
2,190615347,C,G
2,196674589,C,G
2,202254072,C,T
2,207171381,C,G
2,207172836,G,C
2,207175364,G,C
2,208986459,G,A
2,215846980,C,T
2,228881474,C,T
2,232263034,G,A
2,233986823,G,T
2,234346099,C,T
2,241465200,C,T
2,26609336,G,C
2,27306468,G,A
2,27898467,C,T
2,33482404,C,T
2,38202433,G,C
2,39456559,C,G
2,44556128,C,G
2,47380124,C,G
2,48808340,G,A
2,61719558,G,C
2,62728547,C,T
2,68511565,C,G
2,70047897,G,A
2,70516492,C,G
2,73784481,G,A
2,74043308,C,G
2,77745755,C,T
2,86705067,C,G
2,88118137,C,G
2,90458658,G,C
2,97911366,C,G
3,113092289,C,T
3,113377063,C,T
3,119120914,G,C
3,122873880,G,A
3,123634236,G,A
3,124165622,A,T
3,129007712,G,C
3,129185735,G,A
3,130095171,C,G
3,130686192,G,C
3,136196200,C,T
3,136196234,C,G
3,14769960,G,A
3,15126509,C,G
3,168845834,G,A
3,170879087,C,G
3,17415966,C,G
3,179319550,C,G
3,180372690,C,T
3,182994746,C,G
3,184289138,G,C
3,190999975,T,C
3,197544069,C,T
3,24006542,G,T
3,25635067,G,A
3,28454745,G,A
3,3085365,G,C
3,38802217,C,T
3,38938592,G,C
3,44776036,G,C
3,45127237,C,G
3,46010171,C,G
3,46496919,G,C
3,47164273,G,C
3,47164366,G,C
3,48453384,C,T
3,49147699,G,C
3,49365238,G,C
3,49399964,C,G
3,49756337,G,C
3,52282423,G,A
3,52842588,G,A
3,53217174,G,C
3,55922574,C,G
3,59999791,C,G
3,62268432,C,G
3,64589998,A,T
3,65349277,C,G
3,69096739,C,T
3,77607285,G,C
3,78695325,C,T
3,86010687,G,C
4,100126152,G,C
4,100434338,C,G
4,103578871,G,A
4,114158757,G,C
4,114274431,G,A
4,121958795,C,T
4,128725013,C,T
4,134073840,G,A
4,146059276,G,A
4,148796228,C,G
4,156281331,C,T
4,2955258,C,G
4,36069774,G,A
4,37447191,G,C
4,37448426,G,A
4,46043085,C,T
4,46930718,C,T
4,47405379,G,A
4,48096222,C,T
4,57269520,C,T
4,57796138,G,C
4,69417578,G,C
4,73013464,G,A
4,73956798,G,C
4,73956807,G,C
4,79359817,G,C
4,86921698,G,C
5,115803422,G,T
5,137759772,G,C
5,139907821,C,G
5,140250538,C,T
5,140762932,G,A
5,141337395,G,C
5,149924919,C,G
5,150095128,C,G
5,16670782,C,G
5,176764139,G,A
5,178418435,C,G
5,179763566,C,T
5,21752076,G,A
5,38957828,G,A
5,44305146,C,T
5,5464767,C,G
5,68568719,G,C
5,7883323,C,G
5,82834656,C,T
5,82836059,G,A
5,89705477,ATT,-
5,89821016,C,G
6,105850733,C,G
6,10894107,C,T
6,121544395,G,A
6,123101495,C,G
6,133078658,C,T
6,135271176,C,T
6,135787398,C,G
6,136934281,G,A
6,151206858,C,G
6,152655372,C,T
6,155465844,C,G
6,157099283,G,A
6,158532535,C,G
6,159084346,G,C
6,161022015,C,G
6,161139852,G,A
6,17463284,C,G
6,17629120,C,T
6,17781527,C,G
6,18236826,C,T
6,24666935,C,T
6,24784392,G,C
6,25917065,G,C
6,26189187,G,A
6,26444478,T,C
6,26637617,C,T
6,29454978,G,C
6,30692166,G,C
6,31127445,G,A
6,31324471,C,G
6,31598380,G,A
6,31735495,C,G
6,32712977,C,T
6,33423526,G,C
6,34508822,G,T
6,34512079,C,T
6,35391746,G,C
6,41895231,G,T
6,42890998,G,A
6,42974749,C,G
6,43410883,G,A
6,44144023,C,G
6,45480142,C,A
6,46107941,G,C
6,46658854,G,A
6,52664036,G,C
6,52696672,C,G
6,55441935,G,C
6,57033220,G,C
6,637808,G,C
6,656149,G,C
6,72957721,C,T
6,74331664,G,A
6,7602900,G,A
6,7889793,C,G
6,84311005,C,G
6,90276727,C,T
6,90380739,C,G
6,93979356,G,C
7,100686654,C,T
7,100686956,G,C
7,103205791,G,C
7,104681467,C,G
7,117432326,C,G
7,120737824,C,T
7,120935667,C,G
7,123335879,C,G
7,127724814,G,T
7,128846408,G,C
7,137308281,G,C
7,141896013,C,T
7,143701667,C,G
7,14613986,C,T
7,149129965,-,TCC
7,150753678,C,G
7,150754006,C,G
7,150754036,C,G
7,21818711,G,A
7,26778477,C,G
7,2954874,C,A
7,30472788,G,C
7,31378815,C,G
7,33296943,C,G
7,34009980,C,G
7,37354490,C,G
7,47979837,C,T
7,48316003,C,G
7,6018233,C,G
7,74163414,C,G
7,7612672,C,G
7,76891515,G,A
7,77408043,C,T
7,87049354,C,T
7,87069538,C,G
7,87179495,C,T
7,89859216,G,A
7,91864902,G,C
7,92017328,G,C
7,97833436,C,G
7,97920524,G,A
7,99002502,C,T
8,104337379,G,A
8,10782265,C,T
8,121455458,G,C
8,122627209,C,G
8,123964657,G,A
8,131130824,C,T
8,133088357,C,G
8,141301148,C,T
8,144773808,G,A
8,24187573,G,A
8,24201083,C,G
8,2975929,C,T
8,30695150,C,G
8,30701576,C,G
8,3224589,G,A
8,37730279,C,G
8,41906162,C,G
8,48869967,G,T
8,68062107,C,G
8,82371455,G,C
8,8749096,G,T
9,100070076,G,C
9,102713468,C,G
9,108397331,G,C
9,109685791,G,C
9,112899674,C,T
9,113141791,G,C
9,120470909,C,G
9,127999296,C,G
9,128117073,G,C
9,130829249,C,G
9,131343223,G,C
9,131730965,G,A
9,135537890,C,T
9,135978170,C,T
9,136083930,C,G
9,19450625,G,C
9,20981598,G,T
9,20990281,C,T
9,21227707,C,G
9,21304748,C,G
9,21350379,C,T
9,33328583,C,G
9,5022211,G,T
9,5772982,G,C
9,5969267,C,G
9,72082803,G,C
9,72746489,G,A
9,73151072,C,T
9,79934578,C,G
9,84608774,G,C
9,85924483,C,T
9,86278792,G,C
9,86518066,G,C
9,91996003,G,C
9,96009942,G,C
X,100609675,C,G
X,114364755,G,C
X,114400482,G,C
X,114422891,C,T
X,117570786,G,C
X,118221557,C,G
X,119059264,C,G
X,128632007,G,A
X,147010189,G,A
X,152225791,G,C
X,153461463,G,A
X,153689482,C,G
X,154007489,C,T
X,19701973,C,T
X,2861117,C,G
X,3236006,C,G
X,32662403,G,A
X,37312566,G,A
X,37312734,G,C
X,41196696,G,C
X,46884154,C,G
X,48317388,G,T
X,51638769,C,-
X,53575140,G,C
X,54265471,C,A
X,70837240,C,G
X,72433719,C,T
X,76972617,G,C
X,83724168,G,C
